Datetime,original,optimizado
2008-08-01 00:00:00,0.46033333333333337,0.5024810599374679
2008-08-01 01:00:00,0.4059666666666667,0.44811439327080127
2008-08-01 02:00:00,0.3907333333333333,0.4328810599374679
2008-08-01 03:00:00,0.36143333333333333,0.4035810599374679
2008-08-01 04:00:00,0.4012,0.4433477266041346
2008-08-01 05:00:00,0.33613333333333334,0.3782810599374679
2008-08-01 06:00:00,0.6567666666666666,0.6989143932708012
2008-08-01 07:00:00,1.6942,0.9098829058209524
2008-08-01 08:00:00,0.8611666666666667,0.46249606248542696
2008-08-01 09:00:00,1.1580666666666666,1.2002143932708011
2008-08-01 10:00:00,1.1604666666666668,1.2026143932708013
2008-08-01 11:00:00,0.32216666666666666,0.36431439327080123
2008-08-01 12:00:00,0.3069,0.3490477266041346
2008-08-01 13:00:00,0.33690000000000003,0.3790477266041346
2008-08-01 14:00:00,0.1970333333333333,0.23918105993746788
2008-08-01 15:00:00,0.33830000000000005,0.3804477266041346
2008-08-01 16:00:00,0.3003,0.3424477266041346
2008-08-01 17:00:00,0.30906666666666666,0.35121439327080123
2008-08-01 18:00:00,0.2969,0.33904772660413457
2008-08-01 19:00:00,0.30596666666666666,0.16432170921438877
2008-08-01 20:00:00,0.49000000000000005,0.26315820083358915
2008-08-01 21:00:00,0.6163333333333333,0.3310064716607526
2008-08-01 22:00:00,0.30383333333333334,0.3459810599374679
2008-08-01 23:00:00,0.3161,0.35824772660413456
2008-08-02 00:00:00,0.2920333333333333,0.3341810599374679
2008-08-02 01:00:00,0.2882,0.3303477266041346
2008-08-02 02:00:00,0.3062333333333333,0.3483810599374679
2008-08-02 03:00:00,0.3017333333333333,0.34388105993746787
2008-08-02 04:00:00,0.2642,0.30634772660413456
2008-08-02 05:00:00,0.25506666666666666,0.29721439327080124
2008-08-02 06:00:00,0.30033333333333334,0.3424810599374679
2008-08-02 07:00:00,0.31460000000000005,0.16895830608621867
2008-08-02 08:00:00,0.6282666666666666,0.3374153584565638
2008-08-02 09:00:00,0.7482666666666666,0.7904143932708012
2008-08-02 10:00:00,0.24623333333333336,0.28838105993746793
2008-08-02 11:00:00,0.27386666666666665,0.3160143932708012
2008-08-02 12:00:00,0.3034,0.3455477266041346
2008-08-02 13:00:00,0.30086666666666667,0.34301439327080124
2008-08-02 14:00:00,0.29786666666666667,0.34001439327080124
2008-08-02 15:00:00,0.21953333333333333,0.26168105993746793
2008-08-02 16:00:00,0.2862666666666666,0.3284143932708012
2008-08-02 17:00:00,0.3158,0.3579477266041346
2008-08-02 18:00:00,0.28036666666666665,0.3225143932708012
2008-08-02 19:00:00,0.2798,0.1502687032515066
2008-08-02 20:00:00,0.9386666666666666,0.5041180228213517
2008-08-02 21:00:00,0.41226666666666667,0.22141092706869595
2008-08-02 22:00:00,0.2923,0.3344477266041346
2008-08-02 23:00:00,0.2834333333333333,0.3255810599374679
2008-08-03 00:00:00,0.2331,0.2752477266041346
2008-08-03 01:00:00,0.2882,0.3303477266041346
2008-08-03 02:00:00,0.26103333333333334,0.3031810599374679
2008-08-03 03:00:00,0.3198,0.36194772660413455
2008-08-03 04:00:00,0.27786666666666665,0.3200143932708012
2008-08-03 05:00:00,0.2124,0.2545477266041346
2008-08-03 06:00:00,0.3034,0.3455477266041346
2008-08-03 07:00:00,0.27593333333333336,0.14819208071431642
2008-08-03 08:00:00,1.0046666666666666,0.539563821300978
2008-08-03 09:00:00,0.4674333333333333,0.5095810599374679
2008-08-03 10:00:00,0.252,0.2941477266041346
2008-08-03 11:00:00,0.2839,0.32604772660413456
2008-08-03 12:00:00,0.26103333333333334,0.3031810599374679
2008-08-03 13:00:00,0.3152,0.35734772660413455
2008-08-03 14:00:00,0.21333333333333335,0.25548105993746795
2008-08-03 15:00:00,0.27573333333333333,0.3178810599374679
2008-08-03 16:00:00,0.28876666666666667,0.33091439327080124
2008-08-03 17:00:00,0.28846666666666665,0.3306143932708012
2008-08-03 18:00:00,0.29683333333333334,0.3389810599374679
2008-08-03 19:00:00,0.20103333333333331,0.10796647001546775
2008-08-03 20:00:00,0.8115666666666667,0.435858007870435
2008-08-03 21:00:00,0.7104666666666667,0.3815614892902802
2008-08-03 22:00:00,0.26539999999999997,0.30754772660413454
2008-08-03 23:00:00,0.30546666666666666,0.34761439327080124
2008-08-04 00:00:00,0.22586666666666666,0.26801439327080123
2008-08-04 01:00:00,0.2751,0.3172477266041346
2008-08-04 02:00:00,0.28490000000000004,0.3270477266041346
2008-08-04 03:00:00,0.29116666666666663,0.3333143932708012
2008-08-04 04:00:00,0.2881,0.3302477266041346
2008-08-04 05:00:00,0.2583666666666667,0.30051439327080126
2008-08-04 06:00:00,0.23333333333333334,0.2754810599374679
2008-08-04 07:00:00,0.31643333333333334,0.1699429115995416
2008-08-04 08:00:00,0.5210333333333333,0.27982488688638313
2008-08-04 09:00:00,0.9617666666666668,1.0039143932708015
2008-08-04 10:00:00,0.23320000000000002,0.2753477266041346
2008-08-04 11:00:00,0.2662333333333333,0.3083810599374679
2008-08-04 12:00:00,0.28496666666666665,0.3271143932708012
2008-08-04 13:00:00,0.27736666666666665,0.3195143932708012
2008-08-04 14:00:00,0.3045,0.34664772660413457
2008-08-04 15:00:00,0.2006,0.24274772660413457
2008-08-04 16:00:00,0.3663,0.4084477266041346
2008-08-04 17:00:00,1.0646833333333334,1.106831059937468
2008-08-04 18:00:00,2.1712,2.2133477266041344
2008-08-04 19:00:00,2.5660666666666665,1.3781254841205006
2008-08-04 20:00:00,1.5968000000000002,0.8575735001858678
2008-08-04 21:00:00,2.3083666666666667,1.2397257527841417
2008-08-04 22:00:00,1.7391333333333334,1.781281059937468
2008-08-04 23:00:00,1.7395333333333334,1.781681059937468
2008-08-05 00:00:00,1.1325333333333334,1.174681059937468
2008-08-05 01:00:00,0.3706,0.41274772660413456
2008-08-05 02:00:00,0.3187333333333333,0.3608810599374679
2008-08-05 03:00:00,0.2994,0.34154772660413457
2008-08-05 04:00:00,0.31146666666666667,0.35361439327080124
2008-08-05 05:00:00,0.279,0.3211477266041346
2008-08-05 06:00:00,0.29146666666666665,0.3336143932708012
2008-08-05 07:00:00,1.4778666666666667,0.7936994552488441
2008-08-05 08:00:00,1.9247333333333332,1.0336925736417077
2008-08-05 09:00:00,1.9046666666666667,1.9468143932708013
2008-08-05 10:00:00,1.3082333333333334,1.350381059937468
2008-08-05 11:00:00,1.326,1.3681477266041346
2008-08-05 12:00:00,0.2853,0.32744772660413457
2008-08-05 13:00:00,0.2859,0.32804772660413456
2008-08-05 14:00:00,0.3299,0.3720477266041346
2008-08-05 15:00:00,0.16603333333333334,0.2081810599374679
2008-08-05 16:00:00,0.22193333333333332,0.2640810599374679
2008-08-05 17:00:00,0.23603333333333334,0.27818105993746794
2008-08-05 18:00:00,0.22803333333333334,0.27018105993746794
2008-08-05 19:00:00,0.24230000000000002,0.13012904502444622
2008-08-05 20:00:00,0.21363333333333331,0.11473339517976004
2008-08-05 21:00:00,0.24003333333333335,0.12891171457161058
2008-08-05 22:00:00,0.1843,0.22644772660413456
2008-08-05 23:00:00,0.2072,0.24934772660413457
2008-08-06 00:00:00,0.22816666666666666,0.27031439327080126
2008-08-06 01:00:00,0.2568666666666667,0.29901439327080126
2008-08-06 02:00:00,0.22056666666666666,0.26271439327080126
2008-08-06 03:00:00,0.20500000000000002,0.2471477266041346
2008-08-06 04:00:00,0.24603333333333335,0.28818105993746795
2008-08-06 05:00:00,0.2431,0.2852477266041346
2008-08-06 06:00:00,0.18943333333333331,0.2315810599374679
2008-08-06 07:00:00,0.18986666666666666,0.10196932734340977
2008-08-06 08:00:00,0.24663333333333334,0.1324562944195732
2008-08-06 09:00:00,0.23036666666666666,0.27251439327080124
2008-08-06 10:00:00,0.21403333333333335,0.2561810599374679
2008-08-06 11:00:00,0.23170000000000002,0.2738477266041346
2008-08-06 12:00:00,0.23336666666666664,0.27551439327080124
2008-08-06 13:00:00,0.2059666666666667,0.24811439327080126
2008-08-06 14:00:00,0.19506666666666667,0.23721439327080124
2008-08-06 15:00:00,0.23983333333333334,0.2819810599374679
2008-08-06 16:00:00,0.2185666666666667,0.26071439327080126
2008-08-06 17:00:00,0.24636666666666668,0.28851439327080125
2008-08-06 18:00:00,0.2517333333333333,0.2938810599374679
2008-08-06 19:00:00,0.23993333333333336,0.12885800881633844
2008-08-06 20:00:00,0.22013333333333335,0.11822426927245053
2008-08-06 21:00:00,0.24653333333333333,0.13240258866430105
2008-08-06 22:00:00,0.21366666666666667,0.25581439327080124
2008-08-06 23:00:00,0.22226666666666667,0.26441439327080124
2008-08-07 00:00:00,0.22766666666666666,0.26981439327080126
2008-08-07 01:00:00,0.2582666666666667,0.30041439327080127
2008-08-07 02:00:00,0.2417,0.2838477266041346
2008-08-07 03:00:00,0.24226666666666666,0.28441439327080126
2008-08-07 04:00:00,0.23623333333333332,0.2783810599374679
2008-08-07 05:00:00,0.2514,0.2935477266041346
2008-08-07 06:00:00,0.21773333333333333,0.2598810599374679
2008-08-07 07:00:00,0.26086666666666664,0.1401004135866441
2008-08-07 08:00:00,0.24073333333333335,0.1292876548585157
2008-08-07 09:00:00,0.2341,0.2762477266041346
2008-08-07 10:00:00,0.21993333333333334,0.26208105993746794
2008-08-07 11:00:00,0.2664666666666667,0.30861439327080126
2008-08-07 12:00:00,0.17826666666666666,0.22041439327080123
2008-08-07 13:00:00,0.21813333333333332,0.2602810599374679
2008-08-07 14:00:00,0.22656666666666667,0.26871439327080127
2008-08-07 15:00:00,0.25589999999999996,0.29804772660413453
2008-08-07 16:00:00,0.23376666666666665,0.27591439327080125
2008-08-07 17:00:00,0.23626666666666668,0.27841439327080125
2008-08-07 18:00:00,0.2306,0.2727477266041346
2008-08-07 19:00:00,0.18863333333333332,0.10130695636171978
2008-08-07 20:00:00,0.21903333333333333,0.11763350596445675
2008-08-07 21:00:00,0.2523666666666667,0.13553542438851043
2008-08-07 22:00:00,0.22716666666666668,0.26931439327080126
2008-08-07 23:00:00,0.21733333333333332,0.2594810599374679
2008-08-08 00:00:00,0.2357,0.2778477266041346
2008-08-08 01:00:00,0.24273333333333333,0.28488105993746793
2008-08-08 02:00:00,0.17423333333333335,0.21638105993746792
2008-08-08 03:00:00,0.19556666666666667,0.23771439327080124
2008-08-08 04:00:00,0.24886666666666668,0.29101439327080125
2008-08-08 05:00:00,0.24273333333333333,0.28488105993746793
2008-08-08 06:00:00,0.1821,0.22424772660413458
2008-08-08 07:00:00,0.1907333333333333,0.10243477722243516
2008-08-08 08:00:00,0.24116666666666667,0.12952037979802838
2008-08-08 09:00:00,0.23553333333333332,0.2776810599374679
2008-08-08 10:00:00,0.17756666666666668,0.21971439327080125
2008-08-08 11:00:00,0.19006666666666666,0.23221439327080123
2008-08-08 12:00:00,0.23073333333333332,0.2728810599374679
2008-08-08 13:00:00,0.21023333333333333,0.2523810599374679
2008-08-08 14:00:00,0.2159,0.2580477266041346
2008-08-08 15:00:00,0.16773333333333335,0.20988105993746792
2008-08-08 16:00:00,0.22476666666666667,0.26691439327080124
2008-08-08 17:00:00,0.2249,0.26704772660413456
2008-08-08 18:00:00,0.2245,0.2666477266041346
2008-08-08 19:00:00,0.15346666666666667,0.08242043242434316
2008-08-08 20:00:00,0.2302,0.12363064863651473
2008-08-08 21:00:00,0.22756666666666667,0.12221639708101449
2008-08-08 22:00:00,0.1995333333333333,0.24168105993746788
2008-08-08 23:00:00,0.17013333333333333,0.2122810599374679
2008-08-09 00:00:00,0.23436666666666667,0.27651439327080124
2008-08-09 01:00:00,0.22703333333333334,0.26918105993746794
2008-08-09 02:00:00,0.1369,0.17904772660413457
2008-08-09 03:00:00,0.22626666666666667,0.26841439327080124
2008-08-09 04:00:00,0.235,0.27714772660413456
2008-08-09 05:00:00,0.19633333333333333,0.2384810599374679
2008-08-09 06:00:00,0.157,0.19914772660413457
2008-08-09 07:00:00,0.23043333333333335,0.12375596206548312
2008-08-09 08:00:00,0.218,0.11707854649331109
2008-08-09 09:00:00,0.1427,0.18484772660413457
2008-08-09 10:00:00,0.2213,0.26344772660413457
2008-08-09 11:00:00,0.233,0.2751477266041346
2008-08-09 12:00:00,0.14579999999999999,0.18794772660413456
2008-08-09 13:00:00,0.20006666666666667,0.24221439327080124
2008-08-09 14:00:00,0.27673333333333333,0.3188810599374679
2008-08-09 15:00:00,1.2445666666666668,1.2867143932708014
2008-08-09 16:00:00,0.16610000000000003,0.2082477266041346
2008-08-09 17:00:00,0.24076666666666666,0.28291439327080126
2008-08-09 18:00:00,0.2134333333333333,0.2555810599374679
2008-08-09 19:00:00,0.20900000000000002,0.1122450285188166
2008-08-09 20:00:00,0.17323333333333332,0.09303627004980698
2008-08-09 21:00:00,0.21293333333333334,0.11435745489285493
2008-08-09 22:00:00,0.22696666666666668,0.2691143932708013
2008-08-09 23:00:00,0.21413333333333334,0.2562810599374679
2008-08-10 00:00:00,0.21943333333333334,0.26158105993746794
2008-08-10 01:00:00,0.15496666666666667,0.19711439327080124
2008-08-10 02:00:00,0.2331,0.2752477266041346
2008-08-10 03:00:00,0.22596666666666668,0.2681143932708013
2008-08-10 04:00:00,0.18246666666666667,0.22461439327080124
2008-08-10 05:00:00,0.19,0.23214772660413457
2008-08-10 06:00:00,0.2236,0.2657477266041346
2008-08-10 07:00:00,0.1974,0.1060151609072459
2008-08-10 08:00:00,0.21923333333333334,0.11774091747500108
2008-08-10 09:00:00,0.217,0.2591477266041346
2008-08-10 10:00:00,0.16643333333333335,0.20858105993746792
2008-08-10 11:00:00,0.21200000000000002,0.2541477266041346
2008-08-10 12:00:00,0.22403333333333333,0.26618105993746793
2008-08-10 13:00:00,0.1465,0.18864772660413456
2008-08-10 14:00:00,0.22069999999999998,0.2628477266041346
2008-08-10 15:00:00,0.2313,0.2734477266041346
2008-08-10 16:00:00,0.20753333333333332,0.2496810599374679
2008-08-10 17:00:00,0.14756666666666665,0.18971439327080122
2008-08-10 18:00:00,0.30050000000000004,0.3426477266041346
2008-08-10 19:00:00,0.4147,0.22271776711365188
2008-08-10 20:00:00,0.36773333333333336,0.19749396405416025
2008-08-10 21:00:00,0.35256666666666664,0.1893485911712158
2008-08-10 22:00:00,0.41846666666666665,0.4606143932708012
2008-08-10 23:00:00,0.394,0.4361477266041346
2008-08-11 00:00:00,0.40353333333333335,0.4456810599374679
2008-08-11 01:00:00,0.34723333333333334,0.3893810599374679
2008-08-11 02:00:00,0.3972,0.43934772660413457
2008-08-11 03:00:00,0.4147666666666667,0.45691439327080124
2008-08-11 04:00:00,0.4152666666666667,0.45741439327080124
2008-08-11 05:00:00,0.32853333333333334,0.3706810599374679
2008-08-11 06:00:00,0.3985666666666667,0.44071439327080125
2008-08-11 07:00:00,0.29,0.15574669028926702
2008-08-11 08:00:00,0.20376666666666668,0.10943442732624017
2008-08-11 09:00:00,0.15136666666666668,0.19351439327080125
2008-08-11 10:00:00,0.21046666666666666,0.25261439327080126
2008-08-11 11:00:00,0.2279,0.27004772660413456
2008-08-11 12:00:00,0.1762,0.21834772660413457
2008-08-11 13:00:00,0.18353333333333335,0.22568105993746793
2008-08-11 14:00:00,0.2077,0.24984772660413457
2008-08-11 15:00:00,0.21386666666666668,0.2560143932708013
2008-08-11 16:00:00,0.17643333333333333,0.2185810599374679
2008-08-11 17:00:00,0.2137666666666667,0.2559143932708013
2008-08-11 18:00:00,0.19276666666666667,0.23491439327080124
2008-08-11 19:00:00,0.23666666666666666,0.12710362081078114
2008-08-11 20:00:00,0.18673333333333333,0.10028654701154874
2008-08-11 21:00:00,0.17843333333333333,0.09582896932395936
2008-08-11 22:00:00,0.22033333333333335,0.26248105993746795
2008-08-11 23:00:00,0.22356666666666666,0.26571439327080126
2008-08-12 00:00:00,0.15839999999999999,0.20054772660413456
2008-08-12 01:00:00,0.21656666666666666,0.25871439327080126
2008-08-12 02:00:00,0.21413333333333334,0.2562810599374679
2008-08-12 03:00:00,0.20359999999999998,0.24574772660413455
2008-08-12 04:00:00,0.17643333333333333,0.2185810599374679
2008-08-12 05:00:00,0.22163333333333332,0.2637810599374679
2008-08-12 06:00:00,0.1955,0.23764772660413458
2008-08-12 07:00:00,0.21446666666666667,0.1151809431403614
2008-08-12 08:00:00,0.17443333333333333,0.09368073911307293
2008-08-12 09:00:00,0.2248666666666667,0.2670143932708013
2008-08-12 10:00:00,0.19093333333333332,0.2330810599374679
2008-08-12 11:00:00,0.2134,0.2555477266041346
2008-08-12 12:00:00,0.17099999999999999,0.21314772660413456
2008-08-12 13:00:00,0.2032,0.24534772660413456
2008-08-12 14:00:00,0.2326,0.2747477266041346
2008-08-12 15:00:00,0.1562,0.19834772660413458
2008-08-12 16:00:00,0.19603333333333334,0.2381810599374679
2008-08-12 17:00:00,0.23056666666666667,0.27271439327080127
2008-08-12 18:00:00,0.21756666666666666,0.25971439327080126
2008-08-12 19:00:00,0.1524,0.08184757103477344
2008-08-12 20:00:00,0.24486666666666668,0.13150749274309836
2008-08-12 21:00:00,0.22873333333333334,0.12284296422585637
2008-08-12 22:00:00,0.14563333333333334,0.1877810599374679
2008-08-12 23:00:00,0.23323333333333332,0.2753810599374679
2008-08-13 00:00:00,0.21446666666666667,0.25661439327080127
2008-08-13 01:00:00,0.19066666666666665,0.23281439327080122
2008-08-13 02:00:00,0.18550000000000003,0.2276477266041346
2008-08-13 03:00:00,0.2226,0.2647477266041346
2008-08-13 04:00:00,0.1947333333333333,0.23688105993746789
2008-08-13 05:00:00,0.1502,0.19234772660413457
2008-08-13 06:00:00,0.23406666666666667,0.2762143932708013
2008-08-13 07:00:00,0.22256666666666666,0.11953110931740644
2008-08-13 08:00:00,0.15066666666666667,0.08091667127672265
2008-08-13 09:00:00,0.21916666666666668,0.26131439327080125
2008-08-13 10:00:00,0.19946666666666665,0.24161439327080123
2008-08-13 11:00:00,0.16983333333333334,0.2119810599374679
2008-08-13 12:00:00,0.21703333333333333,0.25918105993746793
2008-08-13 13:00:00,0.1524,0.19454772660413458
2008-08-13 14:00:00,0.2018,0.24394772660413458
2008-08-13 15:00:00,0.2314,0.27354772660413457
2008-08-13 16:00:00,0.16699999999999998,0.20914772660413455
2008-08-13 17:00:00,0.18630000000000002,0.2284477266041346
2008-08-13 18:00:00,0.22156666666666666,0.26371439327080126
2008-08-13 19:00:00,0.1753,0.09414618899209833
2008-08-13 20:00:00,0.2223,0.11938789397001401
2008-08-13 21:00:00,0.17063333333333333,0.09163992041273081
2008-08-13 22:00:00,0.2055,0.24764772660413456
2008-08-13 23:00:00,0.20456666666666665,0.24671439327080122
2008-08-14 00:00:00,0.17673333333333333,0.2188810599374679
2008-08-14 01:00:00,0.21939999999999998,0.26154772660413456
2008-08-14 02:00:00,0.1880666666666667,0.23021439327080126
2008-08-14 03:00:00,0.16483333333333333,0.2069810599374679
2008-08-14 04:00:00,0.2377,0.2798477266041346
2008-08-14 05:00:00,0.13046666666666668,0.17261439327080125
2008-08-14 06:00:00,0.21386666666666668,0.2560143932708013
2008-08-14 07:00:00,0.22883333333333333,0.12289666998112854
2008-08-14 08:00:00,0.14456666666666665,0.07764062020512082
2008-08-14 09:00:00,0.22526666666666667,0.26741439327080124
2008-08-14 10:00:00,0.1513,0.19344772660413456
2008-08-14 11:00:00,0.1868,0.22894772660413457
2008-08-14 12:00:00,0.1786,0.22074772660413458
2008-08-14 13:00:00,0.21159999999999998,0.2537477266041346
2008-08-14 14:00:00,0.1832,0.22534772660413457
2008-08-14 15:00:00,0.1526,0.19474772660413459
2008-08-14 16:00:00,0.22766666666666666,0.26981439327080126
2008-08-14 17:00:00,0.18939999999999999,0.23154772660413456
2008-08-14 18:00:00,0.17086666666666667,0.21301439327080124
2008-08-14 19:00:00,0.20823333333333333,0.11183328439506335
2008-08-14 20:00:00,0.1895666666666667,0.1018082100775933
2008-08-14 21:00:00,0.183,0.09828153214805471
2008-08-14 22:00:00,0.20923333333333333,0.2513810599374679
2008-08-14 23:00:00,0.1325,0.17464772660413458
2008-08-15 00:00:00,0.22183333333333335,0.26398105993746795
2008-08-15 01:00:00,0.22276666666666667,0.26491439327080124
2008-08-15 02:00:00,0.14109999999999998,0.18324772660413455
2008-08-15 03:00:00,0.20826666666666668,0.2504143932708013
2008-08-15 04:00:00,0.21583333333333332,0.2579810599374679
2008-08-15 05:00:00,0.15686666666666668,0.19901439327080125
2008-08-15 06:00:00,0.21233333333333335,0.25448105993746795
2008-08-15 07:00:00,0.16440000000000002,0.08829226166743277
2008-08-15 08:00:00,0.18283333333333335,0.09819202255593446
2008-08-15 09:00:00,0.17726666666666666,0.21941439327080123
2008-08-15 10:00:00,0.22246666666666667,0.2646143932708013
2008-08-15 11:00:00,0.1744,0.21654772660413457
2008-08-15 12:00:00,0.16193333333333332,0.2040810599374679
2008-08-15 13:00:00,0.22513333333333332,0.2672810599374679
2008-08-15 14:00:00,0.14733333333333334,0.18948105993746792
2008-08-15 15:00:00,0.211,0.2531477266041346
2008-08-15 16:00:00,0.15313333333333334,0.19528105993746792
2008-08-15 17:00:00,0.1932,0.23534772660413458
2008-08-15 18:00:00,0.24339999999999998,0.2855477266041346
2008-08-15 19:00:00,0.16303333333333334,0.08755828301204656
2008-08-15 20:00:00,0.18816666666666665,0.10105632950378303
2008-08-15 21:00:00,0.15803333333333333,0.08487299524843851
2008-08-15 22:00:00,0.23123333333333335,0.2733810599374679
2008-08-15 23:00:00,0.18493333333333334,0.2270810599374679
2008-08-16 00:00:00,0.16263333333333335,0.20478105993746792
2008-08-16 01:00:00,0.2153,0.25744772660413456
2008-08-16 02:00:00,0.2012,0.24334772660413456
2008-08-16 03:00:00,0.1739,0.21604772660413457
2008-08-16 04:00:00,0.2022,0.24434772660413456
2008-08-16 05:00:00,0.18993333333333332,0.2320810599374679
2008-08-16 06:00:00,0.17700000000000002,0.2191477266041346
2008-08-16 07:00:00,0.2185,0.11734707526967189
2008-08-16 08:00:00,0.21196666666666666,0.11383829925855737
2008-08-16 09:00:00,0.14866666666666667,0.19081439327080124
2008-08-16 10:00:00,0.22379999999999997,0.26594772660413457
2008-08-16 11:00:00,0.15533333333333335,0.19748105993746792
2008-08-16 12:00:00,0.1993,0.24144772660413458
2008-08-16 13:00:00,0.21326666666666666,0.25541439327080123
2008-08-16 14:00:00,0.1368,0.17894772660413458
2008-08-16 15:00:00,0.227,0.2691477266041346
2008-08-16 16:00:00,0.21793333333333334,0.26008105993746794
2008-08-16 17:00:00,0.1275,0.16964772660413457
2008-08-16 18:00:00,0.2164,0.2585477266041346
2008-08-16 19:00:00,0.23423333333333335,0.12579678076582523
2008-08-16 20:00:00,0.14986666666666668,0.08048702523454536
2008-08-16 21:00:00,0.21586666666666668,0.11593282371417166
2008-08-16 22:00:00,0.20793333333333336,0.25008105993746793
2008-08-16 23:00:00,0.1537,0.19584772660413458
2008-08-17 00:00:00,0.22416666666666665,0.26631439327080125
2008-08-17 01:00:00,0.22053333333333333,0.26268105993746793
2008-08-17 02:00:00,0.1315,0.17364772660413458
2008-08-17 03:00:00,0.22453333333333333,0.26668105993746793
2008-08-17 04:00:00,0.23313333333333333,0.27528105993746793
2008-08-17 05:00:00,0.13390000000000002,0.1760477266041346
2008-08-17 06:00:00,0.21873333333333334,0.2608810599374679
2008-08-17 07:00:00,0.15546666666666667,0.08349454752978638
2008-08-17 08:00:00,0.20476666666666665,0.10997148487896177
2008-08-17 09:00:00,0.22896666666666665,0.2711143932708012
2008-08-17 10:00:00,0.15433333333333332,0.1964810599374679
2008-08-17 11:00:00,0.18463333333333332,0.2267810599374679
2008-08-17 12:00:00,0.1645,0.20664772660413458
2008-08-17 13:00:00,0.23353333333333334,0.27568105993746794
2008-08-17 14:00:00,0.18786666666666668,0.23001439327080125
2008-08-17 15:00:00,0.15803333333333333,0.2001810599374679
2008-08-17 16:00:00,0.21956666666666666,0.26171439327080126
2008-08-17 17:00:00,0.1429,0.18504772660413457
2008-08-17 18:00:00,0.22763333333333333,0.2697810599374679
2008-08-17 19:00:00,0.21336666666666665,0.11459017983236762
2008-08-17 20:00:00,0.13096666666666665,0.07033663748810691
2008-08-17 21:00:00,0.2314,0.12427511769978067
2008-08-17 22:00:00,0.21733333333333332,0.2594810599374679
2008-08-17 23:00:00,0.13816666666666666,0.18031439327080123
2008-08-18 00:00:00,0.21526666666666666,0.25741439327080123
2008-08-18 01:00:00,0.16616666666666668,0.20831439327080126
2008-08-18 02:00:00,0.20426666666666668,0.24641439327080125
2008-08-18 03:00:00,0.21413333333333334,0.2562810599374679
2008-08-18 04:00:00,0.16663333333333336,0.20878105993746793
2008-08-18 05:00:00,0.18133333333333335,0.22348105993746792
2008-08-18 06:00:00,0.2263,0.2684477266041346
2008-08-18 07:00:00,0.18080000000000002,0.09710000553206719
2008-08-18 08:00:00,0.17583333333333334,0.09443261968688318
2008-08-18 09:00:00,0.16326666666666664,0.20541439327080122
2008-08-18 10:00:00,0.21766666666666667,0.25981439327080125
2008-08-18 11:00:00,0.1487,0.19084772660413457
2008-08-18 12:00:00,0.22073333333333334,0.2628810599374679
2008-08-18 13:00:00,0.2038666666666667,0.24601439327080127
2008-08-18 14:00:00,0.13566666666666669,0.17781439327080126
2008-08-18 15:00:00,0.22169999999999998,0.2638477266041346
2008-08-18 16:00:00,0.1816,0.22374772660413458
2008-08-18 17:00:00,0.1829,0.22504772660413458
2008-08-18 18:00:00,0.22066666666666668,0.26281439327080125
2008-08-18 19:00:00,0.17246666666666668,0.09262452592605376
2008-08-18 20:00:00,0.19453333333333334,0.10447559592277729
2008-08-18 21:00:00,0.2228,0.11965642274637482
2008-08-18 22:00:00,0.1653666666666667,0.20751439327080126
2008-08-18 23:00:00,0.17996666666666666,0.22211439327080124
2008-08-19 00:00:00,0.23620000000000002,0.2783477266041346
2008-08-19 01:00:00,0.17136666666666667,0.21351439327080124
2008-08-19 02:00:00,0.18686666666666665,0.22901439327080123
2008-08-19 03:00:00,0.164,0.20614772660413458
2008-08-19 04:00:00,0.21273333333333333,0.2548810599374679
2008-08-19 05:00:00,0.2051,0.24724772660413458
2008-08-19 06:00:00,0.16069999999999998,0.20284772660413455
2008-08-19 07:00:00,0.22033333333333335,0.11833168078299486
2008-08-19 08:00:00,0.18153333333333332,0.09749384773739635
2008-08-19 09:00:00,0.17556666666666668,0.21771439327080125
2008-08-19 10:00:00,0.2288,0.2709477266041346
2008-08-19 11:00:00,0.17356666666666667,0.21571439327080125
2008-08-19 12:00:00,0.16303333333333334,0.2051810599374679
2008-08-19 13:00:00,0.2162,0.2583477266041346
2008-08-19 14:00:00,0.14836666666666665,0.19051439327080122
2008-08-19 15:00:00,0.22293333333333332,0.2650810599374679
2008-08-19 16:00:00,0.20590000000000003,0.2480477266041346
2008-08-19 17:00:00,0.13833333333333334,0.1804810599374679
2008-08-19 18:00:00,0.22436666666666666,0.26651439327080123
2008-08-19 19:00:00,0.23606666666666667,0.1267813862791482
2008-08-19 20:00:00,0.1359,0.07298612141486686
2008-08-19 21:00:00,0.20703333333333335,0.11118881533179743
2008-08-19 22:00:00,0.16970000000000002,0.2118477266041346
2008-08-19 23:00:00,0.1936,0.23574772660413457
2008-08-20 00:00:00,0.22646666666666668,0.2686143932708013
2008-08-20 01:00:00,0.1638,0.20594772660413457
2008-08-20 02:00:00,0.17830000000000001,0.2204477266041346
2008-08-20 03:00:00,0.22606666666666667,0.26821439327080127
2008-08-20 04:00:00,0.17156666666666667,0.21371439327080125
2008-08-20 05:00:00,0.1884,0.23054772660413458
2008-08-20 06:00:00,0.1603,0.20244772660413457
2008-08-20 07:00:00,0.2125,0.11412472995334222
2008-08-20 08:00:00,0.1656,0.0889367307306987
2008-08-20 09:00:00,0.2022,0.24434772660413456
2008-08-20 10:00:00,0.2084,0.2505477266041346
2008-08-20 11:00:00,0.13683333333333333,0.1789810599374679
2008-08-20 12:00:00,0.21736666666666665,0.2595143932708012
2008-08-20 13:00:00,0.17516666666666666,0.21731439327080124
2008-08-20 14:00:00,0.17386666666666667,0.21601439327080124
2008-08-20 15:00:00,0.21186666666666668,0.2540143932708013
2008-08-20 16:00:00,0.16096666666666665,0.20311439327080122
2008-08-20 17:00:00,0.19206666666666666,0.23421439327080124
2008-08-20 18:00:00,0.17856666666666668,0.22071439327080125
2008-08-20 19:00:00,0.20149999999999998,0.1082170968734045
2008-08-20 20:00:00,0.13843333333333332,0.07434666721509495
2008-08-20 21:00:00,0.22633333333333333,0.1215540260993245
2008-08-20 22:00:00,0.21316666666666667,0.25531439327080124
2008-08-20 23:00:00,0.1448,0.18694772660413458
2008-08-21 00:00:00,0.20336666666666667,0.24551439327080124
2008-08-21 01:00:00,0.15333333333333332,0.1954810599374679
2008-08-21 02:00:00,0.21533333333333332,0.2574810599374679
2008-08-21 03:00:00,0.15886666666666666,0.20101439327080123
2008-08-21 04:00:00,0.20149999999999998,0.24364772660413456
2008-08-21 05:00:00,0.14086666666666667,0.18301439327080124
2008-08-21 06:00:00,0.21496666666666667,0.25711439327080127
2008-08-21 07:00:00,0.1831,0.09833523790332689
2008-08-21 08:00:00,0.16856666666666667,0.09053000147043948
2008-08-21 09:00:00,0.21006666666666668,0.25221439327080125
2008-08-21 10:00:00,0.15016666666666667,0.19231439327080124
2008-08-21 11:00:00,0.2036666666666667,0.24581439327080126
2008-08-21 12:00:00,0.16826666666666668,0.21041439327080125
2008-08-21 13:00:00,0.18493333333333334,0.2270810599374679
2008-08-21 14:00:00,0.15053333333333332,0.1926810599374679
2008-08-21 15:00:00,0.2279,0.27004772660413456
2008-08-21 16:00:00,0.1474,0.18954772660413458
2008-08-21 17:00:00,0.20350000000000001,0.2456477266041346
2008-08-21 18:00:00,0.1548,0.19694772660413457
2008-08-21 19:00:00,0.18906666666666666,0.10153968130123249
2008-08-21 20:00:00,0.22363333333333332,0.12010397070697615
2008-08-21 21:00:00,0.16203333333333333,0.08702122545932495
2008-08-21 22:00:00,0.18763333333333332,0.2297810599374679
2008-08-21 23:00:00,0.1514666666666667,0.19361439327080127
2008-08-22 00:00:00,0.22886666666666666,0.27101439327080123
2008-08-22 01:00:00,0.19656666666666667,0.23871439327080124
2008-08-22 02:00:00,0.15763333333333335,0.19978105993746792
2008-08-22 03:00:00,0.21486666666666665,0.2570143932708012
2008-08-22 04:00:00,0.12753333333333333,0.1696810599374679
2008-08-22 05:00:00,0.22766666666666666,0.26981439327080126
2008-08-22 06:00:00,0.21793333333333334,0.26008105993746794
2008-08-22 07:00:00,0.13163333333333332,0.070694675856588
2008-08-22 08:00:00,0.21173333333333336,0.11371298582958901
2008-08-22 09:00:00,0.16363333333333333,0.2057810599374679
2008-08-22 10:00:00,0.2036666666666667,0.24581439327080126
2008-08-22 11:00:00,0.16183333333333333,0.2039810599374679
2008-08-22 12:00:00,0.20193333333333333,0.2440810599374679
2008-08-22 13:00:00,0.18146666666666667,0.22361439327080124
2008-08-22 14:00:00,0.1692,0.21134772660413456
2008-08-22 15:00:00,0.2185666666666667,0.26071439327080126
2008-08-22 16:00:00,0.1268,0.16894772660413457
2008-08-22 17:00:00,0.20716666666666667,0.24931439327080124
2008-08-22 18:00:00,0.2125,0.2546477266041346
2008-08-22 19:00:00,0.1643,0.08823855591216061
2008-08-22 20:00:00,0.22193333333333334,0.11919097286734942
2008-08-22 21:00:00,0.14363333333333334,0.07713936648924732
2008-08-22 22:00:00,0.185,0.22714772660413457
2008-08-22 23:00:00,0.17600000000000002,0.2181477266041346
2008-08-23 00:00:00,0.20983333333333334,0.25198105993746794
2008-08-23 01:00:00,0.1441,0.18624772660413458
2008-08-23 02:00:00,0.19556666666666667,0.23771439327080124
2008-08-23 03:00:00,0.15166666666666667,0.19381439327080124
2008-08-23 04:00:00,0.20383333333333334,0.2459810599374679
2008-08-23 05:00:00,0.16713333333333333,0.2092810599374679
2008-08-23 06:00:00,0.1866,0.22874772660413456
2008-08-23 07:00:00,0.14043333333333333,0.07542078232053816
2008-08-23 08:00:00,0.21236666666666668,0.11405312227964602
2008-08-23 09:00:00,0.14856666666666665,0.19071439327080122
2008-08-23 10:00:00,0.19803333333333334,0.2401810599374679
2008-08-23 11:00:00,0.15643333333333334,0.1985810599374679
2008-08-23 12:00:00,0.1719,0.21404772660413457
2008-08-23 13:00:00,0.17306666666666667,0.21521439327080125
2008-08-23 14:00:00,0.20953333333333332,0.2516810599374679
2008-08-23 15:00:00,0.13296666666666665,0.17511439327080122
2008-08-23 16:00:00,0.19423333333333334,0.2363810599374679
2008-08-23 17:00:00,0.16679999999999998,0.20894772660413455
2008-08-23 18:00:00,0.18893333333333334,0.23108105993746791
2008-08-23 19:00:00,0.16933333333333334,0.09094174559419271
2008-08-23 20:00:00,0.21173333333333336,0.11371298582958901
2008-08-23 21:00:00,0.12400000000000001,0.06659513653747971
2008-08-23 22:00:00,0.21516666666666667,0.25731439327080124
2008-08-23 23:00:00,0.1718,0.21394772660413458
2008-08-24 00:00:00,0.17696666666666666,0.21911439327080123
2008-08-24 01:00:00,0.1609,0.20304772660413456
2008-08-24 02:00:00,0.1836,0.22574772660413459
2008-08-24 03:00:00,0.20836666666666667,0.25051439327080127
2008-08-24 04:00:00,0.17043333333333335,0.21258105993746793
2008-08-24 05:00:00,0.18273333333333333,0.2248810599374679
2008-08-24 06:00:00,0.15383333333333335,0.19598105993746792
2008-08-24 07:00:00,0.2126,0.1141784357086144
2008-08-24 08:00:00,0.1578,0.08474768181947014
2008-08-24 09:00:00,0.15043333333333334,0.1925810599374679
2008-08-24 10:00:00,0.20723333333333335,0.24938105993746792
2008-08-24 11:00:00,0.1266,0.16874772660413456
2008-08-24 12:00:00,0.214,0.2561477266041346
2008-08-24 13:00:00,0.17976666666666666,0.22191439327080123
2008-08-24 14:00:00,0.17183333333333334,0.2139810599374679
2008-08-24 15:00:00,0.15906666666666666,0.20121439327080123
2008-08-24 16:00:00,0.19776666666666667,0.23991439327080125
2008-08-24 17:00:00,0.14866666666666667,0.19081439327080124
2008-08-24 18:00:00,0.20656666666666668,0.24871439327080125
2008-08-24 19:00:00,0.17700000000000002,0.09505918683172507
2008-08-24 20:00:00,0.179,0.09613330193716828
2008-08-24 21:00:00,0.15896666666666667,0.08537424896431202
2008-08-24 22:00:00,0.17666666666666667,0.21881439327080124
2008-08-24 23:00:00,0.18446666666666667,0.22661439327080124
2008-08-25 00:00:00,0.16316666666666665,0.20531439327080123
2008-08-25 01:00:00,0.18786666666666668,0.23001439327080125
2008-08-25 02:00:00,0.15803333333333333,0.2001810599374679
2008-08-25 03:00:00,0.21200000000000002,0.2541477266041346
2008-08-25 04:00:00,0.13886666666666667,0.18101439327080124
2008-08-25 05:00:00,0.20023333333333332,0.2423810599374679
2008-08-25 06:00:00,0.15223333333333333,0.1943810599374679
2008-08-25 07:00:00,0.1654,0.08882931922015437
2008-08-25 08:00:00,0.2066,0.11095609039228473
2008-08-25 09:00:00,0.1595,0.20164772660413458
2008-08-25 10:00:00,0.16943333333333335,0.21158105993746792
2008-08-25 11:00:00,0.16820000000000002,0.2103477266041346
2008-08-25 12:00:00,0.21436666666666668,0.2565143932708013
2008-08-25 13:00:00,0.13706666666666667,0.17921439327080124
2008-08-25 14:00:00,0.1546,0.19674772660413456
2008-08-25 15:00:00,0.1991,0.24124772660413457
2008-08-25 16:00:00,0.14930000000000002,0.1914477266041346
2008-08-25 17:00:00,0.2148,0.25694772660413456
2008-08-25 18:00:00,0.1508,0.19294772660413456
2008-08-25 19:00:00,0.18946666666666667,0.10175450432232114
2008-08-25 20:00:00,0.15773333333333334,0.08471187798262203
2008-08-25 21:00:00,0.16126666666666667,0.08660948133557173
2008-08-25 22:00:00,0.2,0.24214772660413458
2008-08-25 23:00:00,0.1616,0.20374772660413457
2008-08-26 00:00:00,0.1869,0.22904772660413458
2008-08-26 01:00:00,0.1473,0.18944772660413456
2008-08-26 02:00:00,0.21553333333333333,0.2576810599374679
2008-08-26 03:00:00,0.15043333333333334,0.1925810599374679
2008-08-26 04:00:00,0.19543333333333332,0.2375810599374679
2008-08-26 05:00:00,0.15013333333333334,0.1922810599374679
2008-08-26 06:00:00,0.1978,0.23994772660413458
2008-08-26 07:00:00,0.1764,0.09473695230009209
2008-08-26 08:00:00,0.2149,0.1154136680798741
2008-08-26 09:00:00,0.12923333333333334,0.1713810599374679
2008-08-26 10:00:00,0.15330000000000002,0.1954477266041346
2008-08-26 11:00:00,0.22233333333333333,0.2644810599374679
2008-08-26 12:00:00,0.13806666666666667,0.18021439327080124
2008-08-26 13:00:00,0.21393333333333334,0.25608105993746794
2008-08-26 14:00:00,0.15203333333333333,0.1941810599374679
2008-08-26 15:00:00,0.18756666666666666,0.22971439327080123
2008-08-26 16:00:00,0.17813333333333334,0.2202810599374679
2008-08-26 17:00:00,0.21043333333333333,0.25258105993746793
2008-08-26 18:00:00,0.13419999999999999,0.17634772660413456
2008-08-26 19:00:00,0.19583333333333333,0.10517377074131538
2008-08-26 20:00:00,0.18046666666666666,0.09692098634782664
2008-08-26 21:00:00,0.19366666666666665,0.10401014604375189
2008-08-26 22:00:00,0.16219999999999998,0.20434772660413456
2008-08-26 23:00:00,0.20650000000000002,0.2486477266041346
2008-08-27 00:00:00,0.12760000000000002,0.1697477266041346
2008-08-27 01:00:00,0.22390000000000002,0.2660477266041346
2008-08-27 02:00:00,0.21453333333333333,0.2566810599374679
2008-08-27 03:00:00,0.13506666666666664,0.1772143932708012
2008-08-27 04:00:00,0.2096333333333333,0.2517810599374679
2008-08-27 05:00:00,0.1375,0.17964772660413458
2008-08-27 06:00:00,0.2087,0.25084772660413457
2008-08-27 07:00:00,0.18716666666666668,0.10051927195106143
2008-08-27 08:00:00,0.16886666666666666,0.09069111873625596
2008-08-27 09:00:00,0.1679,0.21004772660413457
2008-08-27 10:00:00,0.1560666666666667,0.19821439327080126
2008-08-27 11:00:00,0.19173333333333334,0.2338810599374679
2008-08-27 12:00:00,0.1701666666666667,0.21231439327080126
2008-08-27 13:00:00,0.19993333333333335,0.24208105993746792
2008-08-27 14:00:00,0.13413333333333333,0.1762810599374679
2008-08-27 15:00:00,0.21046666666666666,0.25261439327080126
2008-08-27 16:00:00,0.17326666666666668,0.21541439327080125
2008-08-27 17:00:00,0.19226666666666667,0.23441439327080124
2008-08-27 18:00:00,0.1588,0.20094772660413457
2008-08-27 19:00:00,0.2153,0.11562849110096274
2008-08-27 20:00:00,0.1911,0.10263169832509976
2008-08-27 21:00:00,0.1696,0.09108496094158514
2008-08-27 22:00:00,0.22546666666666668,0.2676143932708013
2008-08-27 23:00:00,0.13273333333333334,0.17488105993746791
2008-08-28 00:00:00,0.2064,0.24854772660413457
2008-08-28 01:00:00,0.22303333333333333,0.26518105993746793
2008-08-28 02:00:00,0.13993333333333333,0.1820810599374679
2008-08-28 03:00:00,0.21910000000000002,0.2612477266041346
2008-08-28 04:00:00,0.16323333333333334,0.2053810599374679
2008-08-28 05:00:00,0.17203333333333332,0.2141810599374679
2008-08-28 06:00:00,0.1686,0.21074772660413457
2008-08-28 07:00:00,0.23423333333333335,0.12579678076582523
2008-08-28 08:00:00,0.147,0.07894746025007673
2008-08-28 09:00:00,0.20513333333333333,0.2472810599374679
2008-08-28 10:00:00,0.20006666666666667,0.24221439327080124
2008-08-28 11:00:00,0.14626666666666666,0.18841439327080123
2008-08-28 12:00:00,0.22903333333333334,0.27118105993746794
2008-08-28 13:00:00,0.15383333333333335,0.19598105993746792
2008-08-28 14:00:00,0.1955,0.23764772660413458
2008-08-28 15:00:00,0.15913333333333332,0.2012810599374679
2008-08-28 16:00:00,0.19633333333333333,0.2384810599374679
2008-08-28 17:00:00,0.18023333333333333,0.2223810599374679
2008-08-28 18:00:00,0.1941,0.23624772660413457
2008-08-28 19:00:00,0.2147,0.11530625656932977
2008-08-28 20:00:00,0.1461,0.0784641084526273
2008-08-28 21:00:00,0.211,0.11331914362425981
2008-08-28 22:00:00,0.1618,0.20394772660413457
2008-08-28 23:00:00,0.20396666666666666,0.24611439327080123
2008-08-29 00:00:00,0.16223333333333334,0.2043810599374679
2008-08-29 01:00:00,0.18536666666666665,0.22751439327080122
2008-08-29 02:00:00,0.20136666666666667,0.24351439327080124
2008-08-29 03:00:00,0.18043333333333333,0.2225810599374679
2008-08-29 04:00:00,0.1963,0.23844772660413457
2008-08-29 05:00:00,0.15463333333333334,0.19678105993746792
2008-08-29 06:00:00,0.218,0.2601477266041346
2008-08-29 07:00:00,0.1358,0.07293241565959471
2008-08-29 08:00:00,0.22496666666666665,0.1208200474439383
2008-08-29 09:00:00,0.17479999999999998,0.21694772660413456
2008-08-29 10:00:00,0.17236666666666667,0.21451439327080124
2008-08-29 11:00:00,0.15996666666666667,0.20211439327080125
2008-08-29 12:00:00,0.21316666666666664,0.25531439327080124
2008-08-29 13:00:00,0.14266666666666666,0.18481439327080124
2008-08-29 14:00:00,0.22286666666666666,0.26501439327080123
2008-08-29 15:00:00,0.15273333333333333,0.1948810599374679
2008-08-29 16:00:00,0.18516666666666665,0.22731439327080122
2008-08-29 17:00:00,0.16606666666666667,0.20821439327080124
2008-08-29 18:00:00,0.223,0.2651477266041346
2008-08-29 19:00:00,0.15233333333333335,0.08181176719792534
2008-08-29 20:00:00,0.21323333333333333,0.11451857215867141
2008-08-29 21:00:00,0.21760000000000002,0.11686372347222244
2008-08-29 22:00:00,0.1873,0.22944772660413457
2008-08-29 23:00:00,0.2174333333333333,0.2595810599374679
2008-08-30 00:00:00,0.17406666666666668,0.21621439327080125
2008-08-30 01:00:00,0.19273333333333334,0.2348810599374679
2008-08-30 02:00:00,0.155,0.19714772660413457
2008-08-30 03:00:00,0.20683333333333334,0.2489810599374679
2008-08-30 04:00:00,0.14686666666666665,0.18901439327080122
2008-08-30 05:00:00,0.2234,0.26554772660413456
2008-08-30 06:00:00,0.2069,0.24904772660413457
2008-08-30 07:00:00,0.13949999999999999,0.07491952860466465
2008-08-30 08:00:00,0.21553333333333333,0.11575380452993111
2008-08-30 09:00:00,0.15726666666666667,0.19941439327080124
2008-08-30 10:00:00,0.214,0.2561477266041346
2008-08-30 11:00:00,0.17656666666666665,0.21871439327080122
2008-08-30 12:00:00,0.18093333333333333,0.2230810599374679
2008-08-30 13:00:00,0.15960000000000002,0.2017477266041346
2008-08-30 14:00:00,0.2139,0.2560477266041346
2008-08-30 15:00:00,0.14026666666666668,0.18241439327080125
2008-08-30 16:00:00,0.23006666666666667,0.27221439327080127
2008-08-30 17:00:00,0.1679,0.21004772660413457
2008-08-30 18:00:00,0.1821333333333333,0.22428105993746789
2008-08-30 19:00:00,0.2319,0.12454364647614147
2008-08-30 20:00:00,0.18230000000000002,0.0979055918611496
2008-08-30 21:00:00,0.20579999999999998,0.11052644435010743
2008-08-30 22:00:00,0.2099,0.2520477266041346
2008-08-30 23:00:00,0.1937,0.23584772660413458
2008-08-31 00:00:00,0.19113333333333332,0.2332810599374679
2008-08-31 01:00:00,0.16333333333333336,0.20548105993746793
2008-08-31 02:00:00,0.2306,0.2727477266041346
2008-08-31 03:00:00,0.20579999999999998,0.24794772660413456
2008-08-31 04:00:00,0.1844,0.22654772660413458
2008-08-31 05:00:00,0.221,0.2631477266041346
2008-08-31 06:00:00,0.18793333333333334,0.2300810599374679
2008-08-31 07:00:00,0.16863333333333333,0.09056580530728758
2008-08-31 08:00:00,0.21126666666666666,0.11346235897165224
2008-08-31 09:00:00,0.15406666666666666,0.19621439327080123
2008-08-31 10:00:00,0.22863333333333333,0.2707810599374679
2008-08-31 11:00:00,0.2133,0.25544772660413456
2008-08-31 12:00:00,0.14363333333333334,0.1857810599374679
2008-08-31 13:00:00,0.2087,0.25084772660413457
2008-08-31 14:00:00,1.6119333333333332,1.6540810599374678
2008-08-31 15:00:00,2.4018666666666664,2.444014393270801
2008-08-31 16:00:00,2.1426000000000003,2.184747726604135
2008-08-31 17:00:00,2.8879666666666663,2.930114393270801
2008-08-31 18:00:00,2.559566666666667,2.6017143932708016
2008-08-31 19:00:00,2.6431,1.4194968175984888
2008-08-31 20:00:00,1.6380333333333332,0.879718173276422
2008-08-31 21:00:00,3.178733333333333,1.7071627447546072
2008-08-31 22:00:00,1.8064666666666667,1.8486143932708012
2008-08-31 23:00:00,1.4578,1.4999477266041346
