mes,metodo,alpha_opt,iters,f_obj,lambda,mu_usado,max_before,max_after,max_reduction_%,max_peak_before,max_peak_after,max_peak_reduction_%,energy_before,energy_after,energy_diff_%
2006-12,Newton-Raphson,0.0,2,2877.5328746161354,1.804859687279358,0.001,5.5624666666666664,5.5624666666666664,0.0,5.035333333333333,5.035333333333333,0.0,698.8025888888889,698.8025888888889,0.0
2007-01,Newton-Raphson,0.11358525862886562,2,3989.4528748559724,1.804859687279358,0.0005,6.0765666666666664,5.883586335816754,3.17581195823155,6.0765666666666664,5.386358270257789,11.358525862886566,1150.2882666666667,1150.2882666666667,0.0
2007-02,Punto Fijo,0.19973794304633716,10,3224.301436964115,1.804859687279358,0.0005,6.363866666666667,5.189043889057823,18.460832684670386,6.363866666666667,5.0927610288455165,19.973794304633714,941.6138,941.6137999999999,-1.2073616351163931e-14
2007-03,Newton-Raphson,0.26798734402744334,2,2985.2739523278037,1.804859687279358,0.0005,5.644900000000001,5.326562213055231,5.639387534673234,5.644900000000001,4.132138241699486,26.798734402744333,981.0453500000001,981.0453499999999,-2.3176673274403882e-14
2007-04,Newton-Raphson,0.3105248558059357,2,1386.4741551171085,1.804859687279358,0.001,4.752633333333334,4.350617381545952,8.45880427946714,4.752633333333334,3.2768225528015167,31.05248558059357,608.8198666666667,608.8198666666667,0.0
2007-05,Punto Fijo,0.2092133583931559,18,1737.9716891395417,1.804859687279358,0.001,4.719133333333334,4.808867440994826,-1.901495493413172,4.474733333333333,3.538559344752865,20.921335839315592,733.4812,733.4812,0.0
2007-06,Newton-Raphson,0.2686449310791203,2,1317.769375310339,1.804859687279358,0.000125,4.597966666666666,4.083396852106678,11.19124717215555,4.597966666666666,3.362746228395907,26.864493107912033,595.56885,595.56885,0.0
2007-07,Newton-Raphson,0.2852127379082286,2,911.3863428302183,1.804859687279358,0.001,4.272233333333333,4.031806230205239,5.6276678816253956,4.272233333333333,3.0537379673505356,28.521273790822857,497.2479666666667,497.2479666666667,0.0
2007-08,Punto Fijo,0.133864172616349,26,1350.491358739461,1.804859687279358,3.125e-05,4.6344,4.664755761755073,-0.6550095320877025,3.2391333333333336,2.8055294296726303,13.386417261634902,568.6765833333334,568.6765833333334,0.0
2007-09,Punto Fijo,0.32095380565508447,76,1635.0507352366305,1.804859687279358,0.0005,5.735766666666667,3.894850526650422,32.09538056550844,5.735766666666667,3.894850526650422,32.09538056550844,698.0307,698.0307,0.0
2007-10,Newton-Raphson,0.24465964393908846,2,2233.7063191548664,1.804859687279358,0.0005,5.0948,4.627157106812652,9.178827298173601,5.0948,3.8483080460591323,24.465964393908845,821.3569,821.3569,0.0
2007-11,Newton-Raphson,0.19631920882269607,2,2853.0109458609077,1.804859687279358,0.0005,4.912366666666667,5.023952863227753,-2.2715363923923753,4.759833333333333,3.825386619205437,19.6319208822696,932.0349333333334,932.0349333333334,0.0
2007-12,Newton-Raphson,0.09028587821065073,2,4492.926457228417,1.804859687279358,0.0005,6.4879999999999995,6.390621670940434,1.500899029894657,6.4879999999999995,5.902225222169298,9.028587821065072,1210.0933333333332,1210.0933333333332,0.0
2008-01,Newton-Raphson,0.1350550967447089,2,3464.094603725086,1.804859687279358,0.00025,6.0138,5.320364000211871,11.53074594745633,6.0138,5.2016056591966695,13.50550967447089,1086.2305166666667,1086.2305166666665,-2.093235937993874e-14
2008-02,Punto Fijo,0.27504616210819405,9,2301.037928226144,1.804859687279358,0.00025,6.496033333333333,4.709324296073101,27.504616210819407,6.496033333333333,4.709324296073101,27.504616210819407,822.3008166666666,822.3008166666666,0.0
2008-03,Punto Fijo,0.1748692904390432,7,2654.5389388178974,1.804859687279358,0.0005,5.014166666666667,4.866057553737956,2.9538131213969394,5.014166666666667,4.137342899523564,17.486929043904322,926.5365999999999,926.5365999999999,0.0
2008-04,Punto Fijo,0.14567600555290755,24,2270.527051668234,1.804859687279358,0.001,5.6713000000000005,5.720260014344772,-0.8632943830298468,5.6713000000000005,4.845127669707796,14.567600555290758,803.4998666666665,803.4998666666667,1.4148955393514612e-14
2008-05,Punto Fijo,0.043824350773285344,6,1919.5607979188055,1.804859687279358,0.001,4.466466666666666,4.270726664749479,4.382435077328547,4.466466666666666,4.270726664749479,4.382435077328547,762.0812333333333,762.0812333333333,0.0
2008-06,Newton-Raphson,0.17153241435295344,2,1656.8718652138964,1.804859687279358,7.8125e-06,4.2955000000000005,4.3663122119158935,-1.6485208221602357,3.731933333333333,3.0917857984624013,17.153241435295335,715.7448333333334,715.7448333333333,-1.588371056653794e-14
2008-07,Newton-Raphson,0.14271887890385085,2,1088.7562458267826,1.804859687279358,0.001,3.9929333333333332,4.037748781689516,-1.1223690609121895,3.8391666666666664,3.291245104074966,14.271887890385079,591.3049666666667,591.3049666666666,-1.9226430375259157e-14
2008-08,Newton-Raphson,0.4629424472783895,2,196.3166184218333,1.804859687279358,0.001,3.178733333333333,2.930114393270801,7.821321073253464,3.178733333333333,1.7071627447546072,46.29424472783896,205.73795,205.73795,0.0
2008-09,Newton-Raphson,0.23330708884045728,2,1545.7545482057512,1.804859687279358,0.0005,4.2912333333333335,3.681870929296392,14.200169431560662,4.2912333333333335,3.290058176798202,23.330708884045723,711.1298666666667,711.1298666666667,0.0
2008-10,Newton-Raphson,0.24425460646970248,2,2181.0099731812043,1.804859687279358,0.0005,5.759066666666667,5.878117992988668,-2.067198266883544,5.356866666666666,4.048427307089333,24.425460646970244,846.1872833333333,846.1872833333333,0.0
2008-11,Punto Fijo,0.18844029206483878,16,3114.7494237589553,1.804859687279358,0.000125,6.560533333333334,6.671437024093864,-1.6904676056905446,6.310566666666667,5.121401640905364,18.844029206483885,998.95025,998.9502499999999,-1.1380630589122534e-14
2008-12,Punto Fijo,0.09604466793830758,167,2691.273827501846,1.804859687279358,6.103515625e-08,4.6615,4.709701296656866,-1.0340297470098874,4.178966666666667,3.7775992008414105,9.60446679383076,949.4913666666666,949.4913666666666,0.0
2009-01,Newton-Raphson,0.14145413826283787,2,3358.578429212832,1.804859687279358,0.0005,6.519633333333333,5.597404218376994,14.145413826283777,6.519633333333333,5.597404218376994,14.145413826283777,1049.2550833333335,1049.2550833333335,0.0
2009-02,Punto Fijo,0.12099469820042932,37,2457.5885779793057,1.804859687279358,0.00025,5.2338000000000005,5.2909819048414874,-1.0925504383332758,4.673766666666666,4.108265679374107,12.09946982004293,837.9600333333333,837.9600333333333,0.0
2009-03,Punto Fijo,0.11156868744572339,163,2416.3260427465734,1.804859687279358,0.0005,4.3942,4.451556840285132,-1.305285155093818,3.8746666666666667,3.4423751923769705,11.156868744572337,912.7878999999999,912.7879,1.245490192427135e-14
2009-04,Newton-Raphson,0.17053042022909562,2,1960.8220508963955,1.804859687279358,0.00025,5.133966666666667,4.258469173557831,17.05304202290956,5.133966666666667,4.258469173557831,17.05304202290956,821.2790666666667,821.2790666666666,-1.384265620978724e-14
2009-05,Newton-Raphson,0.10972537418807751,2,1672.2979188154463,1.804859687279358,0.001,4.2653,3.821148118490387,10.41314518344813,4.2653,3.797288361475593,10.972537418807748,753.54115,753.54115,0.0
2009-06,Punto Fijo,0.07296294855127508,10,1220.1229827601917,1.804859687279358,0.001,3.4554666666666667,3.4804074249012737,-0.7217768434926415,2.5557666666666665,2.369290394857603,7.296294855127498,627.94225,627.9422500000001,1.8104664516779377e-14
2009-07,Newton-Raphson,0.13652696984130883,2,693.7197882347418,1.804859687279358,0.0005,3.0504000000000002,2.77493156138764,9.030567748897202,3.0504000000000002,2.6339381311960715,13.652696984130891,459.93420000000003,459.93420000000003,0.0
2009-08,Newton-Raphson,0.24563310324568402,2,797.8226055567046,1.804859687279358,0.001,3.8541000000000003,3.655161043487359,5.161748696521657,3.8541000000000003,2.9074054567808094,24.563310324568402,488.21528333333333,488.21528333333333,0.0
2009-09,Newton-Raphson,0.23090856427212816,2,1537.6766022703969,1.804859687279358,0.001,4.4504,4.556808337855018,-2.390983683601874,4.300333333333333,3.3073495374417576,23.090856427212817,710.5603666666666,710.5603666666667,1.5999602997129736e-14
2009-10,Newton-Raphson,0.16963497024517277,2,2222.700321227374,1.804859687279358,0.0005,4.663166666666667,4.749124478955958,-1.8433356222014485,3.6452999999999998,3.0269296429652717,16.96349702451727,851.48845,851.4884500000001,1.335154196414714e-14
2009-11,Punto Fijo,0.17841212969255954,11,2576.062211902152,1.804859687279358,0.00025,5.115166666666667,4.867981193958155,4.832403102704617,5.115166666666667,4.202558887934276,17.841212969255956,917.8394499999999,917.8394499999999,0.0
2009-12,Punto Fijo,0.11094695064679559,11,3012.544498533483,1.804859687279358,0.0005,4.675233333333334,4.732513925582567,-1.2251921597332012,4.675233333333334,4.156530451437747,11.09469506467956,1015.1647333333333,1015.1647333333334,1.1198856105680586e-14
2010-01,Newton-Raphson,0.08990095830754295,2,3350.5233147897316,1.804859687279358,0.0005,5.3368,5.317215986051527,0.36696173640521534,5.3368,4.8570165657043045,8.990095830754303,1081.3365333333334,1081.3365333333334,0.0
2010-02,Newton-Raphson,0.08110567312769221,2,2700.912178381509,1.804859687279358,0.00025,5.0908,5.135355183014907,-0.8752098494324494,4.619633333333334,4.244954862230209,8.110567312769225,924.6165,924.6165,0.0
2010-03,Punto Fijo,0.11120659340154318,23,2003.162713544757,1.804859687279358,0.001,3.969,4.017337041174694,-1.2178644790802318,3.946366666666667,3.5075046733532638,11.120659340154315,829.7601,829.7601,0.0
2010-04,Newton-Raphson,0.07014011893352054,2,1678.2843251857996,1.804859687279358,0.001,3.8831333333333333,3.6112609702224785,7.001365644003679,3.8831333333333333,3.610769899498615,7.014011893352059,739.6415833333334,739.6415833333333,-1.5370530846746743e-14
2010-05,Punto Fijo,0.0790056234537409,21,1927.4089399611714,1.804859687279358,6.25e-05,3.8198333333333334,3.8532630896463447,-0.8751626941754334,3.7895666666666665,3.490169589547152,7.90056234537409,814.9015333333334,814.9015333333333,-1.3950990772662188e-14
2010-06,Newton-Raphson,0.0,2,1507.688771441073,1.804859687279358,0.001,3.9411,3.9411,0.0,3.9411,3.9411,0.0,698.1338333333333,698.1338333333333,0.0
2010-07,Newton-Raphson,0.0,2,924.5016291826863,1.804859687279358,0.001,3.3290333333333333,3.3290333333333333,0.0,2.280733333333333,2.280733333333333,0.0,536.5067166666666,536.5067166666666,0.0
2010-08,Newton-Raphson,0.026445638414292476,2,728.2018340043797,1.804859687279358,0.001,3.2344999999999997,3.1489615825489707,2.6445638414292465,3.2344999999999997,3.1489615825489707,2.6445638414292465,462.3275666666667,462.32756666666666,-1.229505289304791e-14
2010-09,Newton-Raphson,0.11955240725341873,2,1473.0292916678643,1.804859687279358,0.001,2.9842999999999997,3.0133486392957534,-0.9733820090390923,2.9842999999999997,2.6275197510336223,11.95524072534187,713.5629666666666,713.5629666666667,1.593227830372027e-14
2010-10,Newton-Raphson,0.1904768632947371,2,340.94094951869846,1.804859687279358,0.001,3.9403,3.4937188791116234,11.333683244635605,3.9403,3.1897640155597475,19.04768632947371,135.3218606060606,135.3218606060606,0.0
